City_ID,City,Lat,Lng,Max Temp,Humidity,Cloudiness,Wind Speed,Country,Date
0,Nikolskoye,59.7035,30.7861,32.4,96,69,6.4,RU,2021-12-14 02:00:29
1,Marathon,44.9,-89.7668,28.81,93,1,0.0,US,2021-12-14 02:00:30
2,Victoria,22.2855,114.1577,69.24,74,79,1.01,HK,2021-12-14 02:00:07
3,Boulder,40.0833,-105.3505,42.66,32,1,1.99,US,2021-12-14 02:00:30
4,Mapimi,25.8167,-103.85,67.17,39,43,3.94,MX,2021-12-14 02:00:30
5,Rikitea,-23.1203,-134.9692,78.64,75,74,6.26,PF,2021-12-14 02:00:31
6,Fare,-16.7,-151.0167,81.82,70,17,13.58,PF,2021-12-14 02:00:31
7,Tasiilaq,65.6145,-37.6368,35.76,87,100,20.45,GL,2021-12-14 02:00:31
8,Ushuaia,-54.8,-68.3,37.65,95,27,2.48,AR,2021-12-14 02:00:31
9,Hilo,19.7297,-155.09,76.12,35,24,5.95,US,2021-12-14 02:00:32
10,Kyra,49.5776,111.9753,12.54,63,95,4.9,RU,2021-12-14 02:00:32
11,Talcahuano,-36.7167,-73.1167,55.2,79,0,14.18,CL,2021-12-14 02:00:33
12,Chokurdakh,70.6333,147.9167,-19.53,93,100,8.7,RU,2021-12-14 01:56:52
13,Biak,-0.9131,122.8766,84.45,67,66,1.72,ID,2021-12-14 01:58:10
14,Laja,-37.2667,-72.7,51.73,70,0,2.21,CL,2021-12-14 02:00:33
15,Mataura,-46.1927,168.8643,63.48,35,0,6.69,NZ,2021-12-14 02:00:32
16,East London,-33.0153,27.9116,69.42,83,100,20.07,ZA,2021-12-14 02:00:34
17,Fort Nelson,58.8053,-122.7002,-20.2,100,62,2.15,CA,2021-12-14 02:00:34
18,Bluff,-46.6,168.3333,63.81,76,1,21.45,NZ,2021-12-14 02:00:34
19,Barrow,71.2906,-156.7887,-27.38,68,1,5.75,US,2021-12-14 02:00:34
20,Upernavik,72.7868,-56.1549,5.2,95,100,10.25,GL,2021-12-14 02:00:29
21,Donegal,54.65,-8.1167,42.15,91,100,8.19,IE,2021-12-14 02:00:35
22,Punta Arenas,-53.15,-70.9167,48.11,70,94,8.39,CL,2021-12-14 02:00:28
23,Mar Del Plata,-38.0023,-57.5575,63.09,83,57,4.0,AR,2021-12-14 02:00:06
24,Diplo,24.4667,69.584,58.42,28,0,8.93,PK,2021-12-14 02:00:35
25,Bredasdorp,-34.5322,20.0403,60.28,87,97,4.94,ZA,2021-12-14 02:00:36
26,Agas,46.4833,26.2167,31.08,99,98,1.52,RO,2021-12-14 02:00:36
27,Luderitz,-26.6481,15.1594,59.59,85,0,13.6,NA,2021-12-14 01:55:03
28,Saint George,37.1041,-113.5841,50.47,54,100,1.99,US,2021-12-14 01:57:45
29,Mayo,38.8876,-76.5119,47.28,54,86,1.01,US,2021-12-14 02:00:37
30,Gidole,5.65,37.3667,54.46,69,97,2.86,ET,2021-12-14 02:00:37
31,Mahebourg,-20.4081,57.7,77.25,72,21,13.76,MU,2021-12-14 02:00:37
32,Puerto Ayora,-0.7393,-90.3518,68.56,97,56,8.01,EC,2021-12-14 02:00:38
33,Port Blair,11.6667,92.75,80.64,74,40,9.22,IN,2021-12-14 01:58:51
34,Birao,10.2849,22.7882,70.81,30,82,4.79,CF,2021-12-14 02:00:38
35,Daru,-9.0763,143.2092,79.83,82,99,6.4,PG,2021-12-14 02:00:38
36,Grindavik,63.8424,-22.4338,37.87,87,90,28.77,IS,2021-12-14 02:00:39
37,Arraial Do Cabo,-22.9661,-42.0278,75.27,93,100,4.16,BR,2021-12-14 02:00:32
38,Nizwa,22.9333,57.5333,59.11,62,4,2.62,OM,2021-12-14 02:00:39
39,Kodiak,57.79,-152.4072,15.31,86,90,4.61,US,2021-12-14 01:56:51
40,Zhangjiakou,40.81,114.8794,26.56,51,0,5.03,CN,2021-12-14 02:00:40
41,Carnarvon,-24.8667,113.6333,73.6,58,0,22.32,AU,2021-12-14 02:00:40
42,Avarua,-21.2078,-159.775,78.85,94,90,11.5,CK,2021-12-14 02:00:40
43,Cabedelo,-6.9811,-34.8339,79.95,78,70,12.88,BR,2021-12-14 02:00:41
44,Beyneu,45.3167,55.2,22.17,65,0,10.07,KZ,2021-12-14 02:00:41
45,Dikson,73.5069,80.5464,-2.18,96,100,26.31,RU,2021-12-14 02:00:41
46,Morondava,-20.2833,44.2833,77.02,82,26,6.49,MG,2021-12-14 02:01:42
47,Requena,39.4883,-1.1004,42.37,72,0,1.97,ES,2021-12-14 02:01:42
48,Matara,5.9485,80.5353,77.32,81,99,9.89,LK,2021-12-14 02:01:42
49,Beringovskiy,63.05,179.3167,14.4,89,100,25.95,RU,2021-12-14 02:01:43
50,Hobart,-42.8794,147.3294,74.26,61,20,1.01,AU,2021-12-14 01:58:05
51,Severo-Kurilsk,50.6789,156.125,32.38,83,100,31.7,RU,2021-12-14 02:01:43
52,Gushikawa,26.3544,127.8686,69.03,56,15,8.16,JP,2021-12-14 02:01:43
53,Busselton,-33.65,115.3333,67.08,57,98,8.72,AU,2021-12-14 02:01:44
54,Jamestown,42.097,-79.2353,42.12,56,1,3.0,US,2021-12-14 02:01:44
55,Nabire,-3.3667,135.4833,88.88,56,100,4.59,ID,2021-12-14 01:52:40
56,Chara,56.9064,118.2631,-14.26,96,100,0.65,RU,2021-12-14 02:01:45
57,Albany,42.6001,-73.9662,46.72,49,2,1.99,US,2021-12-14 02:01:45
58,Vaini,-21.2,-175.2,78.37,70,2,9.89,TO,2021-12-14 02:01:45
59,Traverse City,44.7631,-85.6206,38.48,90,1,0.0,US,2021-12-14 02:01:39
60,Sola,-13.8833,167.55,81.28,80,100,23.47,VU,2021-12-14 02:01:46
61,Port Augusta,-32.5,137.7667,92.71,38,100,11.16,AU,2021-12-14 02:01:46
62,Cape Town,-33.9258,18.4232,63.1,70,20,4.0,ZA,2021-12-14 01:58:40
63,Codrington,-38.2667,141.9667,67.26,51,15,13.27,AU,2021-12-14 02:01:46
64,Lasa,46.6166,10.7002,33.37,66,9,6.49,IT,2021-12-14 02:01:47
65,Atuona,-9.8,-139.0333,78.64,71,97,18.03,PF,2021-12-14 02:01:47
66,Necochea,-38.5473,-58.7368,54.03,83,0,8.7,AR,2021-12-14 02:01:47
67,Longhua,23.6137,114.1919,65.43,53,0,2.04,CN,2021-12-14 02:01:48
68,Lundazi,-12.2929,33.1782,66.51,72,2,4.41,ZM,2021-12-14 02:01:18
69,Tuktoyaktuk,69.4541,-133.0374,-16.31,98,100,2.15,CA,2021-12-14 02:01:44
70,Souillac,-20.5167,57.5167,77.36,74,22,13.15,MU,2021-12-14 02:01:06
71,Maloyaroslavets,55.0146,36.4719,26.69,99,100,1.03,RU,2021-12-14 02:01:48
72,Qaanaaq,77.484,-69.3632,6.24,75,100,1.99,GL,2021-12-14 02:01:49
73,Nendaz,46.1833,7.3,35.64,100,4,3.44,CH,2021-12-14 02:01:49
74,Bais,9.5911,123.1228,81.63,78,76,14.25,PH,2021-12-14 02:01:49
75,Cabo San Lucas,22.8909,-109.9124,74.05,83,97,7.31,MX,2021-12-14 01:58:27
76,Kungurtug,50.5994,97.5228,1.47,94,100,1.07,RU,2021-12-14 02:01:50
77,Saint-Philippe,-21.3585,55.7679,76.55,84,34,12.62,RE,2021-12-14 02:01:50
78,Butaritari,3.0707,172.7902,81.61,73,56,16.87,KI,2021-12-14 02:01:50
79,Tyumentsevo,53.3224,81.498,-14.44,100,100,3.71,RU,2021-12-14 02:01:51
80,Iskateley,67.6803,53.1512,11.62,96,100,6.87,RU,2021-12-14 02:01:51
81,Touros,-5.1989,-35.4608,83.3,77,13,12.21,BR,2021-12-14 01:53:50
82,Yerbogachen,61.2767,108.0108,-46.16,100,57,1.48,RU,2021-12-14 02:01:51
83,Egvekinot,66.3167,-179.1667,-15.86,71,100,10.18,RU,2021-12-14 02:01:52
84,Magnitogorsk,53.4186,59.0472,20.23,49,89,6.71,RU,2021-12-14 02:01:52
85,Liverpool,53.4106,-2.9779,46.44,86,40,2.3,GB,2021-12-14 01:58:51
86,Tabou,4.423,-7.3528,79.43,83,11,7.31,CI,2021-12-14 02:01:53
87,Sosnovo-Ozerskoye,52.5249,111.5418,-2.4,91,43,8.68,RU,2021-12-14 02:01:53
88,Trairi,-3.2778,-39.2689,80.33,76,61,11.61,BR,2021-12-14 01:57:09
89,Bathsheba,13.2167,-59.5167,78.96,81,99,18.37,BB,2021-12-14 02:01:54
90,Mezhdurechenskiy,59.6,65.9333,16.3,90,100,6.02,RU,2021-12-14 02:02:54
91,Asau,46.4333,26.4,31.95,78,93,1.9,RO,2021-12-14 02:02:54
92,Ponta Do Sol,32.6667,-17.1,64.0,77,100,9.8,PT,2021-12-14 02:01:48
93,Port Alfred,-33.5906,26.891,67.14,88,85,16.26,ZA,2021-12-14 02:01:41
94,Goba,7.0167,39.9833,45.7,86,100,3.47,ET,2021-12-14 02:02:55
95,Narsaq,60.9167,-46.05,34.02,78,100,2.51,GL,2021-12-14 02:01:44
96,Vanimo,-2.6741,141.3028,84.06,74,100,0.78,PG,2021-12-14 02:01:48
97,Thompson,55.7435,-97.8558,-13.38,99,6,3.02,CA,2021-12-14 02:02:56
98,Cherskiy,68.75,161.3,-18.71,85,100,5.08,RU,2021-12-14 02:02:56
99,New Norfolk,-42.7826,147.0587,74.91,41,16,4.0,AU,2021-12-14 02:02:56
100,Kapaa,22.0752,-159.319,77.18,81,10,3.0,US,2021-12-14 02:00:35
101,Alofi,-19.0595,-169.9187,82.29,65,40,8.05,NU,2021-12-14 02:02:57
102,Ust-Omchug,61.15,149.6333,-11.81,96,100,8.59,RU,2021-12-14 02:02:32
103,Talnakh,69.4865,88.3972,-20.79,88,99,9.46,RU,2021-12-14 02:02:57
104,Plettenberg Bay,-34.0527,23.3716,62.6,91,100,4.34,ZA,2021-12-14 02:02:57
105,Aklavik,68.2191,-135.0107,-21.28,100,100,0.38,CA,2021-12-14 02:02:58
106,Teya,60.3778,92.6267,-16.04,100,99,1.59,RU,2021-12-14 02:02:58
107,Mouila,-1.8685,11.0559,73.36,98,100,0.38,GA,2021-12-14 02:02:58
108,Hithadhoo,-0.6,73.0833,81.68,72,100,11.01,MV,2021-12-14 02:01:49
109,Vilhena,-12.7406,-60.1458,70.52,99,99,4.32,BR,2021-12-14 02:02:59
110,Bundibugyo,0.7414,30.0417,71.42,66,93,2.3,UG,2021-12-14 02:02:59
111,Nhulunbuy,-12.2333,136.7667,93.81,52,20,9.22,AU,2021-12-14 02:01:18
112,Geraldton,-28.7667,114.6,73.13,52,90,24.16,AU,2021-12-14 02:02:59
113,Sault Sainte Marie,46.5168,-84.3333,37.22,70,40,20.71,CA,2021-12-14 01:59:49
114,Port-Gentil,-0.7193,8.7815,79.59,84,78,8.88,GA,2021-12-14 02:03:00
115,Biloxi,30.396,-88.8853,59.41,92,2,4.47,US,2021-12-14 01:59:13
116,Atambua,-9.1061,124.8925,85.37,62,26,3.13,ID,2021-12-14 02:03:00
117,Vostok,46.4856,135.8833,12.67,83,100,4.9,RU,2021-12-14 02:03:01
118,Nanortalik,60.1432,-45.2371,31.91,76,87,4.43,GL,2021-12-14 01:53:55
119,Ishigaki,24.3448,124.1572,70.0,68,94,14.67,JP,2021-12-14 02:03:01
120,Vardo,70.3705,31.1107,35.91,90,100,14.32,NO,2021-12-14 01:54:01
121,Araouane,18.9048,-3.5265,73.04,12,100,11.59,ML,2021-12-14 02:03:02
122,Castro,-24.7911,-50.0119,68.07,77,100,3.04,BR,2021-12-14 02:02:50
123,Polyarnyy,69.1989,33.4478,27.07,95,93,10.29,RU,2021-12-14 02:03:02
124,Taoudenni,22.6783,-3.9836,63.55,31,98,11.59,ML,2021-12-14 02:03:02
125,Tsaratanana,-16.7833,47.65,70.5,79,6,7.16,MG,2021-12-14 02:03:03
126,Korla,41.7597,86.1469,22.32,62,98,0.81,CN,2021-12-14 02:03:03
127,Kruisfontein,-34.0033,24.7314,62.89,93,99,7.23,ZA,2021-12-14 02:03:03
128,Morant Bay,17.8815,-76.4093,80.65,83,22,13.91,JM,2021-12-14 02:03:04
129,Lebu,-37.6167,-73.65,53.65,88,1,10.33,CL,2021-12-14 01:53:55
130,Ayan,56.45,138.1667,-0.69,72,11,16.11,RU,2021-12-14 02:03:04
131,Macklin,52.3334,-109.9348,9.43,94,62,4.68,CA,2021-12-14 02:03:04
132,Mandan,46.8267,-100.8896,33.78,86,1,11.5,US,2021-12-14 02:02:53
133,Del Rio,29.3627,-100.8968,62.71,55,1,8.05,US,2021-12-14 02:03:05
134,Zaozerne,45.1582,33.2787,46.94,90,75,9.37,UA,2021-12-14 02:03:05
135,Longyearbyen,78.2186,15.6401,19.24,86,20,11.5,SJ,2021-12-14 02:01:14
136,Macenta,8.5435,-9.471,67.05,50,30,0.45,GN,2021-12-14 02:03:06
137,Qesarya,32.5189,34.9046,66.99,77,100,2.62,IL,2021-12-14 02:03:06
138,Sao Filipe,14.8961,-24.4956,75.16,72,66,10.04,CV,2021-12-14 02:01:52
139,Marsa Matruh,31.3525,27.2453,58.42,71,1,13.31,EG,2021-12-14 02:04:06
140,Tiksi,71.6872,128.8694,-29.74,100,87,3.31,RU,2021-12-14 02:03:02
141,Jacobina,-11.1806,-40.5183,68.67,88,100,4.07,BR,2021-12-14 02:04:07
142,Georgetown,5.4112,100.3354,82.89,77,20,9.22,MY,2021-12-14 02:04:07
143,Caravelas,-17.7125,-39.2481,76.24,87,100,6.6,BR,2021-12-14 02:04:07
144,Saint Anthony,45.0205,-93.218,33.82,80,1,3.44,US,2021-12-14 02:02:57
145,Muravlenko,63.7898,74.523,-16.8,97,32,9.8,RU,2021-12-14 02:04:08
146,Sueyoshi,31.65,131.0167,46.99,51,1,6.82,JP,2021-12-14 02:04:08
147,Hami,42.8,93.45,23.22,48,35,0.78,CN,2021-12-14 02:04:08
148,Margate,51.3813,1.3862,49.71,81,99,1.99,GB,2021-12-14 02:01:09
149,Corner Brook,48.9667,-57.9484,33.93,75,31,11.01,CA,2021-12-14 02:00:25
150,Vilyuysk,63.7553,121.6247,-36.4,98,95,5.84,RU,2021-12-14 02:04:09
151,Hervey Bay,-25.2986,152.8535,88.03,58,21,3.0,AU,2021-12-14 02:04:10
152,Cockburn Town,21.4612,-71.1419,80.11,74,0,23.42,TC,2021-12-14 02:04:10
153,Pevek,69.7008,170.3133,-27.87,92,32,1.61,RU,2021-12-14 02:04:10
154,Jalu,29.0331,21.5482,51.46,83,4,9.46,LY,2021-12-14 02:04:11
155,Carauari,-4.8828,-66.8958,75.97,95,100,2.33,BR,2021-12-14 02:04:11
156,Cidreira,-30.1811,-50.2056,72.97,91,100,9.17,BR,2021-12-14 02:04:11
157,Gorin,51.1983,136.6669,2.98,87,40,2.62,RU,2021-12-14 02:04:12
158,Mastic Beach,40.7668,-72.8521,49.66,52,2,1.99,US,2021-12-14 01:59:48
159,Svetlogorsk,52.6333,29.7333,33.44,98,100,6.46,BY,2021-12-14 02:04:12
160,Saskylakh,71.9167,114.0833,-7.89,97,100,9.86,RU,2021-12-14 02:01:54
161,Zomba,-15.386,35.3188,72.73,57,21,5.35,MW,2021-12-14 02:04:12
162,Coquimbo,-29.9533,-71.3436,60.53,77,0,5.75,CL,2021-12-14 02:03:16
163,Kaitangata,-46.2817,169.8464,60.93,74,7,10.45,NZ,2021-12-14 02:02:58
164,Catamarca,-28.4696,-65.7852,72.77,69,96,1.99,AR,2021-12-14 02:00:46
165,Arrifes,37.7667,-25.7,56.23,76,75,5.75,PT,2021-12-14 02:04:13
166,Hamilton,39.1834,-84.5333,45.41,66,72,3.65,US,2021-12-14 02:00:17
167,Camacha,33.0833,-16.3333,60.53,82,75,16.11,PT,2021-12-14 02:04:14
168,Tura,25.5198,90.2201,62.26,69,2,1.68,IN,2021-12-14 02:04:14
169,Morehead,37.2711,-87.1764,45.0,84,1,0.0,US,2021-12-14 02:04:14
170,Bucak,37.4592,30.595,51.44,90,100,2.44,TR,2021-12-14 02:04:15
171,Nome,64.5011,-165.4064,-5.73,60,1,5.75,US,2021-12-14 02:04:15
172,Saint-Joseph,-21.3667,55.6167,75.56,80,20,11.97,RE,2021-12-14 02:04:15
173,Port Hedland,-20.3167,118.5667,100.45,14,2,5.75,AU,2021-12-14 02:04:15
174,Kununurra,-15.7667,128.7333,98.58,41,7,8.05,AU,2021-12-14 02:03:17
175,Yellowknife,62.456,-114.3525,1.65,97,100,5.23,CA,2021-12-14 02:04:16
176,Cortes,41.9395,-1.4396,45.61,83,0,1.16,ES,2021-12-14 02:04:16
177,Hasaki,35.7333,140.8333,43.2,46,93,3.98,JP,2021-12-14 02:04:17
178,Aykhal,66.0,111.5,-37.7,100,48,3.71,RU,2021-12-14 02:04:17
179,La Ronge,55.1001,-105.2842,-0.42,98,87,5.44,CA,2021-12-14 02:04:17
180,Santa Maria,-29.6842,-53.8069,69.91,93,100,3.69,BR,2021-12-14 02:04:18
181,Isangel,-19.55,169.2667,83.86,78,99,20.2,VU,2021-12-14 02:04:18
182,Pangnirtung,66.1451,-65.7125,-2.54,89,100,0.94,CA,2021-12-14 02:01:51
183,Bambous Virieux,-20.3428,57.7575,77.22,71,25,13.71,MU,2021-12-14 02:04:18
184,Sorland,67.667,12.6934,43.2,81,60,35.9,NO,2021-12-14 02:05:19
185,Gat,31.61,34.7642,63.39,88,100,3.31,IL,2021-12-14 02:05:19
186,Laramie,41.3114,-105.5911,41.56,35,1,6.91,US,2021-12-14 02:01:36
187,Chuy,-33.6971,-53.4616,68.63,94,100,6.64,UY,2021-12-14 02:05:19
188,Pokrovsk,48.282,37.1758,31.68,90,100,8.75,UA,2021-12-14 02:05:20
189,Laguna,38.421,-121.4238,53.64,94,90,7.0,US,2021-12-14 02:05:20
190,Lagoa,39.05,-27.9833,58.68,58,99,5.5,PT,2021-12-14 02:02:57
191,Yangambi,0.8102,24.4336,69.98,94,100,2.77,CD,2021-12-14 02:05:20
192,Rocha,-34.4833,-54.3333,63.66,80,100,5.19,UY,2021-12-14 02:01:41
193,Ancud,-41.8697,-73.8203,51.33,89,79,4.54,CL,2021-12-14 02:02:56
194,Bengkulu,-3.8004,102.2655,82.2,71,72,1.16,ID,2021-12-14 02:04:11
195,Altagracia De Orituco,9.8601,-66.3814,71.11,92,88,5.48,VE,2021-12-14 02:05:21
196,Teahupoo,-17.8333,-149.2667,80.53,74,100,11.54,PF,2021-12-14 02:05:21
197,Gillette,44.2911,-105.5022,43.25,50,1,8.01,US,2021-12-14 02:05:22
198,Faanui,-16.4833,-151.75,81.97,70,18,14.63,PF,2021-12-14 02:04:13
199,Baglung,28.2719,83.5898,50.97,49,55,4.25,NP,2021-12-14 02:05:22
200,Taitung,22.7583,121.1444,71.87,68,75,5.75,TW,2021-12-14 02:05:23
201,Vila Franca Do Campo,37.7167,-25.4333,58.19,66,98,5.68,PT,2021-12-14 02:05:23
202,Tuatapere,-46.1333,167.6833,63.82,54,0,10.92,NZ,2021-12-14 02:05:23
203,San Nicolas,18.1725,120.5953,82.94,55,83,8.14,PH,2021-12-14 02:05:24
204,Saint-Leu,-21.15,55.2833,76.03,75,14,2.53,RE,2021-12-14 02:05:24
205,Los Llanos De Aridane,28.6585,-17.9182,60.55,70,0,5.01,ES,2021-12-14 02:05:24
206,Kahului,20.8947,-156.47,78.82,80,40,19.57,US,2021-12-14 02:05:25
207,Sept-Iles,50.2001,-66.3821,25.05,79,100,1.01,CA,2021-12-14 02:05:25
208,Saldanha,-33.0117,17.9442,61.43,80,51,21.72,ZA,2021-12-14 02:01:51
209,Vila Velha,-20.3297,-40.2925,78.75,86,40,11.99,BR,2021-12-14 02:04:48
210,Hermanus,-34.4187,19.2345,61.9,80,100,9.24,ZA,2021-12-14 02:00:30
211,Pergamino,-33.89,-60.5736,69.26,39,56,6.24,AR,2021-12-14 02:05:29
212,Manitouwadge,49.1215,-85.8403,10.99,98,12,1.28,CA,2021-12-14 02:05:29
213,Meadow Lake,34.8014,-106.5436,48.65,34,97,5.19,US,2021-12-14 02:05:30
214,Mount Isa,-20.7333,139.5,100.17,15,2,9.22,AU,2021-12-14 02:05:30
215,Khakhea,-24.6895,23.494,70.97,62,3,8.01,BW,2021-12-14 02:05:30
216,Balkhash,46.844,74.9804,14.61,79,0,6.71,KZ,2021-12-14 02:05:31
217,Sabang,5.8933,95.3214,81.21,78,77,21.03,ID,2021-12-14 02:04:09
218,Les Escoumins,48.1111,-69.0236,31.84,97,100,16.24,CA,2021-12-14 02:05:31
219,Mecca,21.4267,39.8261,69.93,59,3,2.33,SA,2021-12-14 02:04:28
220,Rawson,-43.3002,-65.1023,65.03,42,14,16.11,AR,2021-12-14 02:05:26
221,Fortuna,40.5982,-124.1573,46.74,95,90,0.0,US,2021-12-14 02:03:05
222,Vazante,-17.9869,-46.9078,69.37,98,100,3.31,BR,2021-12-14 02:05:32
223,Udachnyy,66.4167,112.4,-48.87,100,70,3.29,RU,2021-12-14 02:05:32
224,Krutinka,56.0055,71.5113,4.03,96,99,4.99,RU,2021-12-14 02:05:33
225,Kiunga,-6.1219,141.2906,90.25,49,59,3.71,PG,2021-12-14 02:05:33
226,Cedar City,37.6775,-113.0619,45.57,36,75,17.27,US,2021-12-14 02:01:57
227,Yanam,16.7333,82.2167,73.8,77,100,7.25,IN,2021-12-14 02:05:33
228,Roald,62.5833,6.1333,42.94,75,40,12.66,NO,2021-12-14 02:06:34
229,Sur,22.5667,59.5289,72.18,50,0,9.89,OM,2021-12-14 02:06:34
230,Porto Novo,6.4965,2.6036,79.3,86,27,5.41,BJ,2021-12-14 02:06:35
231,Krasnorechenskiy,44.6265,135.3532,23.43,60,3,8.14,RU,2021-12-14 02:06:35
232,Ecija,37.5422,-5.0826,54.86,71,0,6.22,ES,2021-12-14 02:06:35
233,Berlevag,70.8578,29.0864,34.23,91,100,14.47,NO,2021-12-14 02:01:40
234,Bandar-E Anzali,37.4727,49.4622,53.82,86,100,6.04,IR,2021-12-14 02:06:36
235,Sar-E Pul,35.8333,66.1667,27.46,94,97,0.96,AF,2021-12-14 02:06:36
236,Khatanga,71.9667,102.5,-5.57,88,100,19.42,RU,2021-12-14 02:05:21
237,Grenfell,-33.9,148.1667,83.52,28,100,5.32,AU,2021-12-14 02:06:36
238,Bethel,41.3712,-73.414,47.8,48,1,4.0,US,2021-12-14 02:04:12
239,Manzhouli,49.6,117.4333,8.04,81,13,14.85,CN,2021-12-14 02:06:37
240,Vredendal,-31.6683,18.5012,61.92,83,25,1.32,ZA,2021-12-14 02:06:37
241,Clyde River,70.4692,-68.5914,-21.23,97,41,3.94,CA,2021-12-14 02:06:38
242,Tecoanapa,16.5167,-98.75,79.21,71,0,2.93,MX,2021-12-14 02:06:38
243,Olden,61.8364,6.8064,41.9,98,100,6.17,NO,2021-12-14 02:06:38
244,Poum,-20.2333,164.0167,79.07,87,100,31.85,NC,2021-12-14 02:06:39
245,Esperance,-33.8667,121.9,66.94,59,0,15.5,AU,2021-12-14 02:06:39
246,Killybegs,54.6333,-8.45,42.46,83,100,15.41,IE,2021-12-14 02:06:39
247,Mehriz,31.5917,54.4318,40.21,42,0,1.05,IR,2021-12-14 02:06:40
248,Mount Gambier,-37.8333,140.7667,74.26,33,23,4.97,AU,2021-12-14 02:04:13
249,Constitucion,-35.3333,-72.4167,53.15,87,89,10.98,CL,2021-12-14 02:06:40
250,Provideniya,64.3833,-173.3,-4.65,71,75,22.37,RU,2021-12-14 02:06:40
251,Wanaka,-44.7,169.15,73.11,48,91,3.0,NZ,2021-12-14 02:06:41
252,Bhigvan,18.3167,74.7667,70.23,62,75,7.02,IN,2021-12-14 02:06:41
253,Rahatgarh,23.7833,78.3667,58.26,67,0,4.76,IN,2021-12-14 02:06:41
254,Kavaratti,10.5669,72.642,82.27,72,86,8.61,IN,2021-12-14 02:06:42
255,Bubaque,11.2833,-15.8333,81.27,65,54,14.67,GW,2021-12-14 02:06:42
256,Bukama,-9.2,25.85,68.16,98,56,1.68,CD,2021-12-14 02:06:42
257,Kalmunai,7.4167,81.8167,78.89,82,96,4.23,LK,2021-12-14 02:04:09
258,Pandharpur,17.6667,75.3333,70.27,65,91,7.09,IN,2021-12-14 02:06:43
259,Ribeira Grande,38.5167,-28.7,59.09,59,58,1.88,PT,2021-12-14 02:02:55
260,Labuhan,-6.8844,112.2051,85.41,67,19,9.82,ID,2021-12-14 02:06:43
261,Baghdad,33.3406,44.4009,48.11,66,75,4.61,IQ,2021-12-14 02:06:44
262,Sorong,-0.8833,131.25,82.38,82,100,8.66,ID,2021-12-14 02:03:11
263,Ilulissat,69.2167,-51.1,24.82,46,72,1.14,GL,2021-12-14 02:01:46
264,Puro,12.4841,123.3827,79.5,77,84,14.97,PH,2021-12-14 02:06:44
265,Banfora,10.6333,-4.7667,77.72,21,75,3.65,BF,2021-12-14 02:06:44
266,San Andres,12.5847,-81.7006,82.42,78,75,13.8,CO,2021-12-14 02:06:45
267,Nicoya,10.1483,-85.452,76.55,73,98,10.78,CR,2021-12-14 02:06:45
268,Yulara,-25.2406,130.9889,97.79,13,40,15.64,AU,2021-12-14 02:01:16
269,Kieta,-6.2167,155.6333,85.03,75,47,5.08,PG,2021-12-14 02:06:45
270,Xining,36.6167,101.7667,23.58,29,6,1.74,CN,2021-12-14 02:06:46
271,Sheridan,44.8333,-106.9173,42.98,76,1,4.61,US,2021-12-14 02:06:46
272,Mareeba,-17.0,145.4333,88.45,53,52,4.88,AU,2021-12-14 02:06:47
273,Brits,-25.6347,27.7802,62.35,95,8,4.25,ZA,2021-12-14 02:06:47
274,Ust-Shonosha,61.1531,41.343,23.18,94,100,8.72,RU,2021-12-14 02:06:47
275,Tigil,57.8,158.6667,21.74,86,100,9.35,RU,2021-12-14 02:06:47
276,Kloulklubed,7.0419,134.2556,77.5,91,100,17.78,PW,2021-12-14 02:01:46
277,Pisco,-13.7,-76.2167,66.25,82,0,16.11,PE,2021-12-14 02:05:08
278,Norman Wells,65.282,-126.8329,-26.16,100,75,1.61,CA,2021-12-14 02:03:00
279,Neiafu,-18.65,-173.9833,81.28,78,40,4.61,TO,2021-12-14 02:07:48
280,Gouyave,12.1646,-61.7296,77.77,89,75,2.3,GD,2021-12-14 02:07:48
281,Lata,40.1629,-8.3327,51.06,79,3,5.06,PT,2021-12-14 02:07:49
282,Batagay-Alyta,67.8006,130.4114,-37.08,94,33,4.79,RU,2021-12-14 02:07:49
283,Kachug,53.9606,105.8817,-7.19,98,91,1.45,RU,2021-12-14 02:07:49
284,Antofagasta,-23.65,-70.4,63.68,78,9,6.22,CL,2021-12-14 02:07:50
285,San Patricio,28.017,-97.5169,68.09,92,96,4.94,US,2021-12-14 02:05:36
286,Pregradnoye,45.8218,41.7469,40.87,78,100,18.19,RU,2021-12-14 02:07:50
287,Bida,9.0833,6.0167,76.84,26,100,3.62,NG,2021-12-14 02:07:50
288,Devonport,-41.1667,146.35,68.09,75,0,8.37,AU,2021-12-14 02:07:51
289,Vikesa,58.6376,6.0913,45.0,95,97,1.36,NO,2021-12-14 02:07:51
290,Kyaikkami,16.08,97.5675,74.7,67,18,8.28,MM,2021-12-14 02:07:51
291,Morro Bay,35.3658,-120.8499,56.28,94,100,7.0,US,2021-12-14 02:07:52
292,Pacific Grove,36.6177,-121.9166,55.65,92,100,7.0,US,2021-12-14 02:03:05
293,Mansa,29.9833,75.3833,49.55,56,0,4.5,IN,2021-12-14 02:07:52
294,Port Elizabeth,-33.918,25.5701,65.1,89,58,9.55,ZA,2021-12-14 02:06:33
295,Kamenka,51.3223,42.7678,21.74,58,100,12.06,RU,2021-12-14 02:07:53
296,Hambantota,6.1241,81.1185,75.54,100,40,14.97,LK,2021-12-14 02:07:53
297,Lompoc,34.6391,-120.4579,54.01,83,1,24.0,US,2021-12-14 02:07:53
298,Half Moon Bay,37.4636,-122.4286,55.62,91,90,5.99,US,2021-12-14 02:04:08
299,Cortez,37.3489,-108.5859,39.7,81,1,0.0,US,2021-12-14 02:04:20
300,Mantua,45.1667,10.7833,42.44,79,0,1.48,IT,2021-12-14 02:07:54
301,Luanda,-8.8368,13.2343,76.84,82,100,5.12,AO,2021-12-14 02:07:54
302,Veraval,20.9,70.3667,69.49,41,0,9.66,IN,2021-12-14 02:07:54
303,Shimoda,34.6667,138.95,52.57,79,99,7.78,JP,2021-12-14 02:07:55
304,Wasilla,61.5814,-149.4394,3.74,61,1,14.97,US,2021-12-14 02:07:55
305,Sitka,57.0531,-135.33,28.29,69,1,0.0,US,2021-12-14 02:07:55
306,Vryburg,-26.9566,24.7284,63.5,83,96,10.47,ZA,2021-12-14 02:07:56
307,Zhigansk,66.7697,123.3711,-33.61,98,44,9.42,RU,2021-12-14 02:03:05
308,Muyezerskiy,63.9333,31.65,29.26,95,100,9.48,RU,2021-12-14 02:07:56
309,Havelock,34.8791,-76.9013,52.93,89,0,1.77,US,2021-12-14 02:07:56
310,Guatire,10.4762,-66.5427,77.5,96,74,1.43,VE,2021-12-14 02:07:57
311,Iisalmi,63.5592,27.1907,32.02,98,100,7.05,FI,2021-12-14 02:07:57
312,Progreso,21.2833,-89.6667,79.11,77,32,14.54,MX,2021-12-14 02:07:57
313,Kavieng,-2.5744,150.7967,85.39,73,12,8.16,PG,2021-12-14 02:07:58
314,Greeneville,36.1632,-82.831,45.21,75,1,0.0,US,2021-12-14 02:04:41
315,Ulladulla,-35.35,150.4667,83.77,60,79,6.78,AU,2021-12-14 02:07:58
316,Podor,16.6527,-14.9587,78.53,10,100,8.66,MR,2021-12-14 02:07:58
317,Sangar,63.9242,127.4739,-41.55,98,97,4.09,RU,2021-12-14 02:07:59
318,Salalah,17.0151,54.0924,73.49,38,0,13.8,OM,2021-12-14 02:07:59
319,Chupa,66.27,33.0549,17.87,97,88,4.92,RU,2021-12-14 02:07:59
320,Santo Domingo,18.5001,-69.9886,74.88,94,6,8.84,DO,2021-12-14 02:05:28
321,Goderich,43.7501,-81.7165,41.92,81,11,9.95,CA,2021-12-14 02:08:00
322,Nuqui,5.7125,-77.2708,75.9,89,65,3.4,CO,2021-12-14 02:08:00
323,Sativasur,6.0936,-72.7122,51.98,93,100,1.74,CO,2021-12-14 02:08:01
324,Christchurch,-43.5333,172.6333,65.91,74,90,3.0,NZ,2021-12-14 02:06:10
325,Chulman,56.8479,124.9104,-21.19,95,97,6.55,RU,2021-12-14 02:09:01
326,Zhengjiatun,43.5064,123.5064,24.06,66,0,8.84,CN,2021-12-14 02:09:01
327,Takhtamygda,54.1,123.5667,-3.46,84,93,3.71,RU,2021-12-14 02:09:02
328,Torbay,47.6666,-52.7314,39.27,87,34,7.0,CA,2021-12-14 02:02:56
329,Te Anau,-45.4167,167.7167,72.88,42,41,3.78,NZ,2021-12-14 02:07:52
330,Karakol,42.4907,78.3936,17.35,67,100,6.87,KG,2021-12-14 02:09:02
331,Kaitong,44.8135,123.15,13.69,86,5,4.76,CN,2021-12-14 02:09:03
332,Maxixe,-23.8597,35.3472,75.78,93,100,3.56,MZ,2021-12-14 02:09:03
333,Mentakab,3.4865,102.3516,77.11,89,80,1.57,MY,2021-12-14 02:09:03
334,Springfield,37.2153,-93.2982,53.46,53,1,12.66,US,2021-12-14 02:04:20
335,Adrar,20.5022,-10.0711,64.6,20,74,10.16,MR,2021-12-14 02:09:04
336,Pineville,31.3224,-92.4343,58.75,88,1,0.0,US,2021-12-14 02:08:58
337,Treinta Y Tres,-33.2333,-54.3833,65.98,95,100,8.37,UY,2021-12-14 02:05:34
338,Yenangyaung,20.4667,94.8833,71.65,64,0,5.26,MM,2021-12-14 02:09:04
339,Charters Towers,-20.1,146.2667,90.95,31,6,7.45,AU,2021-12-14 02:09:05
340,Puerto Escondido,15.85,-97.0667,81.43,69,1,5.75,MX,2021-12-14 02:09:05
341,Oistins,13.0667,-59.5333,80.69,78,75,21.85,BB,2021-12-14 02:09:05
342,Praia Da Vitoria,38.7333,-27.0667,52.75,81,95,5.3,PT,2021-12-14 02:09:06
343,Buchanan,5.8808,-10.0467,79.36,85,42,4.61,LR,2021-12-14 02:05:19
344,Kharp,66.8014,65.8081,7.23,98,100,4.25,RU,2021-12-14 02:09:06
345,Cap Malheureux,-19.9842,57.6142,77.47,72,11,4.0,MU,2021-12-14 02:09:06
346,Buta,2.7858,24.73,68.14,57,83,1.41,CD,2021-12-14 02:09:07
347,Chlorakas,34.8042,32.4083,63.63,86,90,3.44,CY,2021-12-14 02:09:03
348,Kamina,-8.7386,24.9906,64.22,95,100,0.65,CD,2021-12-14 02:09:07
349,Bud,39.447,-86.1758,44.33,81,93,5.08,US,2021-12-14 02:09:08
350,Sinnamary,5.3833,-52.95,78.22,87,100,10.02,GF,2021-12-14 02:08:00
351,Namatanai,-3.6667,152.4333,86.27,68,88,8.08,PG,2021-12-14 02:09:08
352,Kula,38.5473,28.6498,42.06,87,0,4.79,TR,2021-12-14 02:09:08
353,Moose Factory,51.2585,-80.6094,7.61,87,6,9.28,CA,2021-12-14 02:09:09
354,Iqaluit,63.7506,-68.5145,-5.31,76,90,25.99,CA,2021-12-14 02:09:09
355,Zlotow,53.3635,17.0408,33.24,100,100,5.08,PL,2021-12-14 02:08:10
356,Ballitoville,-29.539,31.2144,71.24,75,100,4.38,ZA,2021-12-14 02:09:09
357,Colomi,-17.35,-65.8667,51.35,86,95,5.5,BO,2021-12-14 02:09:10
358,Shache,38.4167,77.2406,22.73,55,100,0.94,CN,2021-12-14 02:09:10
359,Inhambane,-23.865,35.3833,76.73,92,100,4.29,MZ,2021-12-14 02:09:10
360,Zhuhai,22.2769,113.5678,69.98,68,40,12.66,CN,2021-12-14 02:05:04
361,Ritchie,-29.038,24.6028,64.29,72,22,4.36,ZA,2021-12-14 02:09:11
362,Kortkeros,61.8106,51.5806,17.6,92,100,10.31,RU,2021-12-14 02:09:11
363,Ostrovnoy,68.0531,39.5131,21.13,94,100,6.6,RU,2021-12-14 02:06:46
364,Caldas Novas,-17.7417,-48.625,70.3,96,100,4.32,BR,2021-12-14 02:09:12
365,Marsh Harbour,26.5412,-77.0636,76.08,72,0,15.37,BS,2021-12-14 02:09:13
366,Husavik,66.0449,-17.3389,29.14,78,100,10.96,IS,2021-12-14 02:09:13
367,Ambon,-3.6954,128.1814,87.94,70,20,5.75,ID,2021-12-14 02:09:14
368,Iracoubo,5.4802,-53.2011,78.55,84,100,10.42,GF,2021-12-14 02:04:10
369,Port Said,31.2565,32.2841,67.5,66,100,10.2,EG,2021-12-14 02:09:15
370,Gornopravdinsk,60.05,69.9,7.74,96,100,5.61,RU,2021-12-14 02:10:15
371,Stokmarknes,68.5646,14.9108,34.92,90,100,12.48,NO,2021-12-14 02:10:15
372,Barra Do Corda,-5.5,-45.25,79.7,75,100,1.86,BR,2021-12-14 02:10:16
373,Shanghai,31.2222,121.4581,49.93,66,90,1.01,CN,2021-12-14 02:10:16
374,Katobu,-4.9408,122.5276,87.42,64,49,3.89,ID,2021-12-14 02:10:16
375,Lakes Entrance,-37.8811,147.981,73.17,65,85,10.11,AU,2021-12-14 02:10:17
376,Omsukchan,62.5333,155.8,-10.57,97,100,6.46,RU,2021-12-14 02:10:17
377,Bonavista,48.6499,-53.1147,40.12,81,73,22.41,CA,2021-12-14 02:09:03
378,Majene,-3.5403,118.9707,85.69,64,24,3.11,ID,2021-12-14 02:07:18
379,Prince Rupert,54.3161,-130.3201,26.83,70,35,8.37,CA,2021-12-14 02:05:28
380,San Juan,-31.5375,-68.5364,74.5,38,90,3.49,AR,2021-12-14 02:09:31
381,Atar,20.5169,-13.0499,68.72,16,14,8.37,MR,2021-12-14 02:04:18
382,Honiara,-9.4333,159.95,82.27,84,100,5.46,SB,2021-12-14 02:03:01
383,Yeniseysk,58.4497,92.1703,-12.01,100,99,2.3,RU,2021-12-14 02:10:18
384,Kapuskasing,49.4169,-82.4331,18.12,88,100,7.43,CA,2021-12-14 02:06:06
385,Belaya Gora,68.5333,146.4167,-21.95,98,100,1.92,RU,2021-12-14 02:10:18
386,Yebaishou,41.3975,119.6408,29.16,23,29,4.0,CN,2021-12-14 02:10:19
387,Lisakovsk,52.5369,62.4936,9.18,82,89,6.6,KZ,2021-12-14 02:10:19
388,Pachino,36.7186,15.0907,50.59,63,1,6.2,IT,2021-12-14 02:10:19
389,Ballina,-28.8667,153.5667,80.78,57,3,14.27,AU,2021-12-14 02:08:56
390,Grand-Santi,4.25,-54.3833,73.51,100,100,2.55,GF,2021-12-14 02:06:49
391,Goleta,36.8181,10.305,48.2,81,20,8.05,TN,2021-12-14 02:10:20
392,Changji,44.0167,87.3167,21.99,79,75,2.24,CN,2021-12-14 02:10:20
393,Santa Barbara,34.7333,-120.0343,49.33,94,90,17.27,US,2021-12-14 02:10:21
394,Taltal,-25.4,-70.4833,64.69,75,0,4.45,CL,2021-12-14 02:10:20
395,Inta,66.0317,60.1659,13.78,93,100,8.77,RU,2021-12-14 02:10:21
396,Krasnoselkup,65.7,82.4667,-33.7,93,14,7.76,RU,2021-12-14 02:09:06
397,Southbridge,42.0751,-72.0334,46.08,48,0,5.99,US,2021-12-14 02:10:22
398,Salamiyah,35.0113,37.0532,58.1,38,100,8.08,SY,2021-12-14 02:10:22
399,Takaka,-40.85,172.8,60.57,97,100,6.85,NZ,2021-12-14 02:10:22
400,Chernyshkovskiy,48.4219,42.2308,32.49,95,100,15.43,RU,2021-12-14 02:10:23
401,Gonaives,19.45,-72.6833,76.03,82,5,11.45,HT,2021-12-14 02:10:23
402,Akureyri,65.6835,-18.0878,27.81,84,97,5.59,IS,2021-12-14 02:08:01
403,Ahipara,-35.1667,173.1667,64.26,93,100,15.61,NZ,2021-12-14 02:10:23
404,Bara,10.3744,10.7288,68.67,21,96,7.49,NG,2021-12-14 02:10:24
405,Chuka,-0.3332,37.6459,58.24,96,72,3.31,KE,2021-12-14 02:10:24
406,Port Pirie,-33.1833,138.0167,73.49,41,91,9.24,AU,2021-12-14 02:10:24
407,Flin Flon,54.7682,-101.865,0.59,99,13,4.72,CA,2021-12-14 02:10:25
408,College,64.8569,-147.8028,-20.54,72,20,0.0,US,2021-12-14 02:09:04
409,Ekhabi,53.5102,142.9671,15.13,76,100,22.66,RU,2021-12-14 02:06:48
410,Lobbes,50.3529,4.2666,44.62,90,75,1.01,BE,2021-12-14 02:10:25
411,Petrovsk,52.3064,45.3917,19.92,76,100,11.27,RU,2021-12-14 02:10:26
412,Kuryk,43.2,51.65,29.8,77,8,17.58,KZ,2021-12-14 02:10:26
413,Takanosu,40.2219,140.3694,34.56,81,100,8.66,JP,2021-12-14 02:10:26
414,Mandali,33.7499,45.5541,57.56,22,75,4.29,IQ,2021-12-14 02:10:27
415,Anloga,5.7947,0.8973,80.89,83,84,9.4,GH,2021-12-14 02:11:27
416,Farmington,36.7281,-108.2187,42.78,57,1,6.91,US,2021-12-14 02:07:03
417,Samarai,-10.6167,150.6667,84.78,73,88,12.82,PG,2021-12-14 02:11:27
418,Chimbote,-9.0853,-78.5783,67.24,86,68,7.81,PE,2021-12-14 02:11:28
419,Klaksvik,62.2266,-6.589,45.52,79,100,26.55,FO,2021-12-14 02:09:14
420,Waipawa,-41.4122,175.5153,58.46,99,100,5.57,NZ,2021-12-14 02:11:28
421,Nguru,12.8791,10.4526,67.41,13,100,10.38,NG,2021-12-14 02:09:07
422,Portland,45.5234,-122.6762,42.78,92,90,4.0,US,2021-12-14 02:02:42
423,Bela,25.9333,81.9833,55.65,54,0,0.76,IN,2021-12-14 02:11:29
424,Santa Catarina De Tepehuanes,25.35,-105.7333,57.67,54,17,5.19,MX,2021-12-14 02:11:29
425,Suraabad,40.8192,49.4687,44.78,85,94,21.43,AZ,2021-12-14 02:11:29
426,Bonthe,7.5264,-12.505,79.43,82,100,5.37,SL,2021-12-14 02:11:30
427,Edson,53.5835,-116.4356,4.37,94,100,4.18,CA,2021-12-14 02:11:30
428,Ayr,55.4627,-4.6339,43.5,93,20,5.75,GB,2021-12-14 02:11:30
429,Bandar-E Lengeh,26.5579,54.8807,69.96,35,3,12.95,IR,2021-12-14 02:11:31
430,Keti Bandar,24.1447,67.4497,65.48,31,0,7.56,PK,2021-12-14 02:11:31
431,Lipari,38.4674,14.954,59.11,60,3,16.31,IT,2021-12-14 02:11:32
432,Carutapera,-1.195,-46.02,76.39,93,100,5.28,BR,2021-12-14 02:11:32
433,Dwarka,22.2394,68.9678,70.63,42,0,12.46,IN,2021-12-14 02:11:32
434,Owando,-0.4819,15.8999,72.18,92,96,3.22,CG,2021-12-14 02:11:33
435,Ukiah,39.1502,-123.2078,48.34,90,90,0.0,US,2021-12-14 02:11:33
436,Airai,-8.9266,125.4092,76.14,49,41,0.96,TL,2021-12-14 02:06:37
437,Velesin,48.8295,14.4625,40.84,97,74,2.57,CZ,2021-12-14 02:11:34
438,Teknaf,20.8624,92.3058,68.68,64,49,5.7,BD,2021-12-14 02:11:34
439,Iranshahr,27.2025,60.6848,49.86,24,23,1.25,IR,2021-12-14 02:11:34
440,Obo,5.3998,26.4869,73.09,39,91,4.72,CF,2021-12-14 02:11:35
441,Pasuruan,-7.6453,112.9075,84.09,64,81,0.27,ID,2021-12-14 02:07:17
442,Port Lincoln,-34.7333,135.8667,64.99,57,69,7.74,AU,2021-12-14 02:08:00
443,Andros Town,24.7,-77.7667,75.16,73,0,17.54,BS,2021-12-14 02:11:35
444,Loandjili,-4.7561,11.8578,78.22,91,100,0.54,CG,2021-12-14 02:11:36
445,Vestmannaeyjar,63.4427,-20.2734,40.84,97,100,40.44,IS,2021-12-14 02:11:36
446,Boa Vista,2.8197,-60.6733,80.58,78,40,8.05,BR,2021-12-14 02:11:36
447,Urucui,-7.2294,-44.5561,80.51,72,93,2.77,BR,2021-12-14 02:11:36
448,Uri,34.0833,74.0333,37.49,65,95,4.0,IN,2021-12-14 02:11:37
449,Deputatskiy,69.3,139.9,-24.48,98,100,1.39,RU,2021-12-14 02:05:24
450,Maun,-19.9833,23.4167,73.72,63,57,3.29,BW,2021-12-14 02:11:37
451,Faya,18.3851,42.4509,39.72,36,1,0.85,SA,2021-12-14 02:09:06
452,Darhan,49.4867,105.9228,8.46,96,100,0.13,MN,2021-12-14 02:11:38
453,Richards Bay,-28.783,32.0377,72.52,87,100,5.39,ZA,2021-12-14 02:07:58
454,Hofn,64.2539,-15.2082,38.97,74,100,4.43,IS,2021-12-14 02:11:38
455,Sernur,56.9333,49.1536,22.71,88,100,12.62,RU,2021-12-14 02:11:39
456,Tual,-5.6667,132.75,83.98,71,59,5.26,ID,2021-12-14 02:07:16
457,Zhezkazgan,47.8043,67.7144,3.18,78,0,11.18,KZ,2021-12-14 02:11:33
458,Tromso,69.6496,18.957,30.38,93,0,3.44,NO,2021-12-14 02:12:39
459,Magole,-6.3667,37.3667,68.76,96,35,1.03,TZ,2021-12-14 02:12:40
460,Lavrentiya,65.5833,-171.0,-11.27,80,100,9.84,RU,2021-12-14 02:12:40
461,Thohoyandou,-22.9456,30.485,69.49,91,100,1.81,ZA,2021-12-14 02:12:40
462,Mizdah,31.4451,12.9801,43.92,80,15,7.61,LY,2021-12-14 02:12:41
463,Shubarkuduk,49.1447,56.4872,15.84,75,1,4.29,KZ,2021-12-14 02:12:41
464,Nevel,56.0209,29.9284,28.17,96,100,1.83,RU,2021-12-14 02:12:41
465,High Rock,26.6208,-78.2833,69.82,75,0,14.14,BS,2021-12-14 02:12:42
466,Comodoro Rivadavia,-45.8667,-67.5,57.06,82,90,21.85,AR,2021-12-14 02:07:44
467,Batagay,67.6333,134.6333,-45.89,99,99,2.04,RU,2021-12-14 02:12:15
468,San Quintin,30.4833,-115.95,59.09,69,100,4.94,MX,2021-12-14 02:04:14
469,Grimshaw,56.1834,-117.6027,1.02,94,100,5.1,CA,2021-12-14 02:12:42
470,Nishihara,26.1842,127.7558,69.85,49,20,6.91,JP,2021-12-14 02:12:42
471,La Rioja,42.25,-2.5,36.48,39,0,5.19,ES,2021-12-14 02:10:46
472,Khandyga,62.6667,135.6,-37.23,96,100,0.94,RU,2021-12-14 02:12:43
473,Mehamn,71.0357,27.8492,33.93,84,100,13.51,NO,2021-12-14 02:12:43
474,Bilma,18.6853,12.9164,61.9,20,6,13.27,NE,2021-12-14 02:12:44
475,Cuamba,-14.8031,36.5372,72.43,63,10,6.46,MZ,2021-12-14 02:12:44
476,Dalvik,65.9702,-18.5286,32.41,77,100,9.33,IS,2021-12-14 02:12:44
477,Ano Mera,37.45,25.4,53.65,75,100,24.7,GR,2021-12-14 02:12:45
478,Key West,24.5557,-81.7826,78.01,83,1,6.91,US,2021-12-14 02:07:54
479,Fecamp,49.7579,0.3746,47.28,93,99,8.84,FR,2021-12-14 02:12:45
480,Anadyr,64.75,177.4833,1.9,66,100,17.9,RU,2021-12-14 02:12:45
481,Shiraz,29.6036,52.5388,43.77,28,59,0.34,IR,2021-12-14 02:12:46
482,Sao Borja,-28.6606,-56.0044,72.95,96,100,9.75,BR,2021-12-14 02:12:46
483,Shakawe,-18.3667,21.85,70.21,74,79,5.1,BW,2021-12-14 02:06:49
484,Pochutla,15.7432,-96.4661,79.65,77,0,3.8,MX,2021-12-14 02:05:39
485,Coolum Beach,-26.5333,153.1,84.34,50,7,13.29,AU,2021-12-14 02:12:47
486,Lucapa,-8.4192,20.7447,65.1,97,98,2.08,AO,2021-12-14 02:12:47
487,Tanout,14.9709,8.8879,62.24,12,0,12.71,NE,2021-12-14 02:12:47
488,Leningradskiy,69.3833,178.4167,-33.79,92,9,5.01,RU,2021-12-14 02:12:48
489,Port Washington,40.8257,-73.6982,48.9,38,0,5.01,US,2021-12-14 02:12:48
490,Broken Hill,-31.95,141.4333,91.4,17,9,6.38,AU,2021-12-14 02:12:48
491,Mitsamiouli,-11.3847,43.2844,80.31,75,89,12.8,KM,2021-12-14 02:12:49
492,Mahanje,-9.9333,35.3333,62.38,96,13,2.91,TZ,2021-12-14 02:12:49
493,Harlingen,26.1906,-97.6961,75.34,95,1,4.61,US,2021-12-14 02:12:49
494,Lorengau,-2.0226,147.2712,82.63,81,100,5.37,PG,2021-12-14 02:12:50
495,Kondratovo,57.9804,56.1066,19.69,67,0,11.01,RU,2021-12-14 02:12:50
496,Kholm,59.2667,32.85,27.37,95,95,6.78,RU,2021-12-14 02:12:50
497,Ribeira Brava,32.65,-17.0667,64.0,80,100,8.84,PT,2021-12-14 02:12:51
498,Baguanos,20.7517,-76.0269,73.69,77,1,14.38,CU,2021-12-14 02:12:51
499,Ternate,0.8,127.4,83.16,77,99,9.4,ID,2021-12-14 02:12:51
500,Whitecourt,54.1502,-115.6855,9.07,94,100,3.62,CA,2021-12-14 02:12:52
501,Huilong,31.8111,121.655,50.04,62,91,10.11,CN,2021-12-14 02:12:52
502,Saint Simons,31.1352,-81.3901,63.07,96,1,5.75,US,2021-12-14 02:13:52
503,Santos Dumont,-21.4567,-43.5525,60.87,95,100,3.22,BR,2021-12-14 02:13:53
504,Antalaha,-14.9003,50.2788,71.49,84,20,5.14,MG,2021-12-14 02:13:53
505,Zonguldak,41.25,31.8333,45.1,95,100,1.45,TR,2021-12-14 02:13:53
506,Praia,14.9215,-23.5087,73.35,77,100,13.94,CV,2021-12-14 02:10:30
507,Barreirinha,-2.7933,-57.07,76.14,93,100,2.48,BR,2021-12-14 02:13:54
508,Ziro,27.6333,93.8333,34.54,61,31,2.39,IN,2021-12-14 02:13:54
509,Dhidhdhoo,6.8833,73.1,80.87,74,100,6.53,MV,2021-12-14 02:13:54
510,Corning,42.1428,-77.0547,46.45,45,0,11.03,US,2021-12-14 02:13:55
511,Manggar,-2.8833,108.2667,84.6,70,97,8.1,ID,2021-12-14 02:13:55
512,Mogadouro,41.3403,-6.7119,35.78,80,0,4.07,PT,2021-12-14 02:13:55
513,Niimi,34.9833,133.4667,44.4,58,8,4.92,JP,2021-12-14 02:13:56
514,Namibe,-15.1961,12.1522,76.55,70,100,6.13,AO,2021-12-14 02:13:56
515,Esfahan,32.6572,51.6776,22.64,40,24,1.66,IR,2021-12-14 02:09:35
516,Chengde,40.9725,117.9361,26.04,31,5,2.84,CN,2021-12-14 02:13:56
517,Sukumo,32.9333,132.7333,55.09,54,56,3.33,JP,2021-12-14 02:13:57
518,Yefremov,53.1481,38.0992,27.95,83,100,5.57,RU,2021-12-14 02:13:57
519,Glomfjord,66.8167,13.9667,41.27,91,95,9.04,NO,2021-12-14 02:13:57
520,Katsuura,35.1333,140.3,43.2,62,100,9.69,JP,2021-12-14 02:04:14
521,Wairoa,-39.0333,177.3667,69.55,92,100,1.99,NZ,2021-12-14 02:13:58
522,Rivne,50.6231,26.2274,29.84,99,100,6.73,UA,2021-12-14 02:13:58
523,Lavumisa,-27.31,31.892,70.05,92,100,3.67,SZ,2021-12-14 02:13:58
524,Shelburne,44.0787,-80.2041,38.57,85,93,13.71,CA,2021-12-14 02:13:59
525,Fairbanks,64.8378,-147.7164,-26.39,72,20,0.0,US,2021-12-14 02:13:59
526,Merauke,-8.4667,140.3333,79.77,81,100,8.48,ID,2021-12-14 02:13:59
527,Canmore,51.0834,-115.3521,11.25,97,100,3.36,CA,2021-12-14 02:14:00
528,Abha,18.2164,42.5053,39.45,38,0,0.0,SA,2021-12-14 02:14:00
529,Puerto Madero,14.7208,-92.4215,75.4,100,1,0.0,MX,2021-12-14 02:14:00
530,Locri,38.2414,16.2623,59.16,64,81,13.02,IT,2021-12-14 02:14:00
531,Sweetwater,25.7634,-80.3731,77.99,82,20,4.61,US,2021-12-14 02:14:01
532,Salinopolis,-0.6136,-47.3561,79.77,83,100,9.01,BR,2021-12-14 02:14:01
533,Henties Bay,-22.116,14.2845,57.85,95,26,3.98,NA,2021-12-14 02:14:01
534,Skibbereen,51.55,-9.2667,46.2,90,100,1.28,IE,2021-12-14 02:14:02
535,Prieska,-29.6641,22.7474,66.04,40,0,3.6,ZA,2021-12-14 02:14:02
536,Rybinsk,58.0446,38.8426,28.24,97,100,2.26,RU,2021-12-14 02:14:02
537,Nola,40.922,14.5329,54.55,52,20,4.41,IT,2021-12-14 02:14:03
538,Whyalla,-33.0333,137.5833,73.29,53,100,13.8,AU,2021-12-14 02:14:03
539,Monrovia,6.3005,-10.7969,78.82,85,88,5.26,LR,2021-12-14 02:12:06
540,Sabha,27.0377,14.4283,45.37,62,0,8.21,LY,2021-12-14 02:14:04
541,Ulaangom,49.9811,92.0667,-0.92,82,100,3.09,MN,2021-12-14 02:14:04
542,Businga,3.3333,20.8833,74.86,70,93,0.98,CD,2021-12-14 02:14:04
543,Peniche,39.3558,-9.3811,56.62,87,90,15.57,PT,2021-12-14 02:14:05
544,Omboue,-1.5746,9.2618,76.78,92,100,5.23,GA,2021-12-14 02:10:25
545,Fukue,32.6881,128.8419,50.22,64,100,11.7,JP,2021-12-14 02:14:05
546,Yar-Sale,66.8333,70.8333,9.27,94,100,18.88,RU,2021-12-14 02:10:20
547,Qaqortoq,60.7167,-46.0333,34.3,85,100,2.75,GL,2021-12-14 02:06:37
548,Manadhoo,5.7667,73.3833,80.65,79,100,16.96,MV,2021-12-14 02:14:06
549,Priargunsk,50.3691,119.1012,-2.4,97,69,2.21,RU,2021-12-14 02:14:06
550,Cusset,46.13,3.4596,34.97,87,9,1.57,FR,2021-12-14 02:14:06
551,Barao De Melgaco,-16.1944,-55.9675,79.32,93,89,4.79,BR,2021-12-14 02:14:07
552,Okhotsk,59.3833,143.3,9.0,95,100,13.78,RU,2021-12-14 02:11:45
553,Valley City,46.9233,-98.0032,31.19,100,40,12.66,US,2021-12-14 02:15:05
554,Alice Springs,-23.7,133.8833,94.55,14,2,10.36,AU,2021-12-14 02:15:07
555,Inuvik,68.3499,-133.7218,-21.24,76,75,2.3,CA,2021-12-14 02:12:58
556,Sao Felix Do Xingu,-6.6447,-51.995,72.72,97,100,1.34,BR,2021-12-14 02:15:08
557,Tsabong,-26.0217,22.401,73.08,62,5,14.41,BW,2021-12-14 02:15:08
558,Rudnya,54.947,31.0934,30.09,92,100,4.99,RU,2021-12-14 02:15:08
559,Noumea,-22.2763,166.4572,81.0,99,100,17.11,NC,2021-12-14 02:15:09
560,Fairview,40.8126,-73.999,50.22,34,1,8.05,US,2021-12-14 02:10:49
561,Port Hardy,50.6996,-127.4199,36.75,80,81,1.32,CA,2021-12-14 02:06:40
562,Khanpur,28.6453,70.6567,52.99,31,0,2.73,PK,2021-12-14 02:15:09
563,Prestea,5.4327,-2.1428,75.81,97,15,2.55,GH,2021-12-14 02:05:30
564,Phan Thiet,10.9333,108.1,75.25,76,100,4.92,VN,2021-12-14 02:12:54
565,Ambilobe,-13.2,49.05,70.97,85,1,3.69,MG,2021-12-14 02:15:10
566,Nanchang,28.6833,115.8833,52.3,72,100,2.57,CN,2021-12-14 02:15:10
567,Srednekolymsk,67.45,153.6833,-20.02,96,100,3.78,RU,2021-12-14 02:07:57
568,Marzuq,14.4,46.4667,51.21,54,22,3.4,YE,2021-12-14 02:11:37
569,Jalingo,8.8833,11.3667,74.7,25,100,4.03,NG,2021-12-14 02:15:11
570,Moyale,3.5167,39.0584,66.02,65,21,4.92,KE,2021-12-14 02:15:11
571,Fereydunshahr,32.941,50.121,31.91,22,54,2.51,IR,2021-12-14 02:15:11
572,Kenai,60.5544,-151.2583,5.14,73,90,8.05,US,2021-12-14 02:15:12
573,Oyama,36.3,139.8,44.58,40,97,3.6,JP,2021-12-14 02:15:12
574,Khorixas,-20.3667,14.9667,71.91,23,92,3.24,NA,2021-12-14 02:15:13
575,Hanyang,32.1371,105.5126,44.8,80,100,2.28,CN,2021-12-14 02:15:13
576,Along,28.1667,94.7667,57.7,53,43,1.07,IN,2021-12-14 02:15:13
